{
	"error": 0,
	"message":"",
	"count": 100,
	"hidden": "",
	"list": [{
		"id": 12,
		"title": "倾国倾城",
		"user": "微笑",
		"content": "一曲相思",
		"views": 12344,
		"type": 1,
		"time": "2021-04-03 09:12:21"
	},
	{
		"id": 13,
		"title": "时光就薄",
		"user": "篱墙",
		"content": "而我只想要一份安静的世界",
		"views": 7453,
		"type": 0,
		"time": "2021-04-03 09:12:21"
	},
	{
		"id": 14,
		"title": "四个月的前端",
		"user": "流水",
		"content": "遁着唐诗宋词的韵律",
		"views": 6387,
		"type": 2,
		"time": "2021-04-03 09:12:21"
	},
	{
		"id": 15,
		"title": "人生无需太多",
		"user": "蜿蜒",
		"content": "那些遗憾与疼痛都会落寂与烟尘",
		"views": 45378,
		"type": 2,
		"time": "2021-04-03 09:12:21"
	},
	{
		"id": 16,
		"title": "所谓的世事",
		"user": "莫可",
		"content": "人生无需太多，半盏清茗",
		"views": 1257,
		"type": 1,
		"time": "2021-04-03 09:12:21"
	},
	{
		"id": 17,
		"title": "看烟波万里",
		"user": "半盏",
		"content": "晨间的烟雨还泛着薄凉",
		"views": 7897,
		"type": 1,
		"time": "2021-04-03 09:12:21"
	},
	{
		"id": 18,
		"title": "善美的供养",
		"user": "品味",
		"content": "时间终究会过滤掉一切繁杂",
		"views": 4575,
		"type": 1,
		"time": "2021-04-03 09:12:21"
	},
	{
		"id": 19,
		"title": "落款岁月",
		"user": "扇窗",
		"content": "会有些蜿蜒曲折",
		"views": 99452,
		"type": 0,
		"time": "2021-04-03 09:12:21"
	},
	{
		"id": 20,
		"title": "慈悲里生暖",
		"user": "婉媚",
		"content": "尘烟里温柔而立",
		"views": 6675,
		"type": 2,
		"time": "2021-04-03 09:12:21"
	},
	{
		"id": 21,
		"title": "晨间的烟雨",
		"user": "淡雅",
		"content": "只是轩窗外风的一声轻唤",
		"views": 12237,
		"type": 1,
		"time": "2021-04-03 09:12:21"
	}]
}